{"cameraMode":{"drawMode":0,"name":"Shaded","section":"Shading Mode"},"sceneLighting":false,"audioPlay":false,"sceneViewState":{"m_AlwaysRefresh":false,"showFog":true,"showSkybox":false,"showFlares":true,"showImageEffects":true,"showParticleSystems":true,"showVisualEffectGraphs":true,"m_FxEnabled":false},"in2DMode":false,"pivot":{"x":-0.008547782897949219,"y":-0.8411346673965454,"z":-0.016419410705566407},"rotation":{"x":-0.09948460757732392,"y":-0.23646365106105805,"z":0.02434111386537552,"w":-0.9662387371063232},"size":4.843457221984863,"orthographic":false}